[
  {
    "cycle_id": "sample_cycle_001_BTCUSDT",
    "start_time": "2024-12-14 23:24:59.553817",
    "end_time": "2024-12-15 16:24:59.553817",
    "symbol": "BTCUSDT",
    "initial_balance": 1000.0,
    "final_balance": 3380.2941993354107,
    "daily_pnl": 264.4771332594901,
    "total_pnl": 2380.2941993354107,
    "pnl_percentage": 238.02941993354105,
    "progress_to_target": 0.3380294199335411,
    "trades_count": 5,
    "win_rate": 0.5474810182697762,
    "max_drawdown": 0.06546806335003306,
    "sharpe_ratio": 1.6031878386457454,
    "status": "completed"
  },
  {
    "cycle_id": "sample_cycle_002_SOLUSDT",
    "start_time": "2024-09-11 23:24:59.554083",
    "end_time": "2024-09-13 22:24:59.554083",
    "symbol": "SOLUSDT",
    "initial_balance": 1000.0,
    "final_balance": 905.078019323934,
    "daily_pnl": -47.460990338033,
    "total_pnl": -94.921980676066,
    "pnl_percentage": -9.4921980676066,
    "progress_to_target": 0.0905078019323934,
    "trades_count": 32,
    "win_rate": 0.5653647254650077,
    "max_drawdown": 0.20806659615774298,
    "sharpe_ratio": 1.6116158825845215,
    "status": "completed"
  },
  {
    "cycle_id": "sample_cycle_003_BTCUSDT",
    "start_time": "2025-04-19 23:24:59.554175",
    "end_time": "2025-04-22 09:24:59.554175",
    "symbol": "BTCUSDT",
    "initial_balance": 1000.0,
    "final_balance": 1733.9136451078296,
    "daily_pnl": 91.7392056384787,
    "total_pnl": 733.9136451078296,
    "pnl_percentage": 73.39136451078295,
    "progress_to_target": 0.17339136451078294,
    "trades_count": 25,
    "win_rate": 0.6327474704375535,
    "max_drawdown": 0.15095338600253788,
    "sharpe_ratio": 2.0694505578976026,
    "status": "completed"
  },
  {
    "cycle_id": "sample_cycle_004_SOLUSDT",
    "start_time": "2024-09-12 23:24:59.554253",
    "end_time": "2024-09-13 20:24:59.554253",
    "symbol": "SOLUSDT",
    "initial_balance": 1000.0,
    "final_balance": -22.50635557585747,
    "daily_pnl": -204.5012711151715,
    "total_pnl": -1022.5063555758575,
    "pnl_percentage": -102.25063555758575,
    "progress_to_target": -0.002250635557585747,
    "trades_count": 38,
    "win_rate": 0.7360980626272747,
    "max_drawdown": 0.08566160568099884,
    "sharpe_ratio": 2.467261853884664,
    "status": "completed"
  },
  {
    "cycle_id": "sample_cycle_005_SOLUSDT",
    "start_time": "2025-05-07 23:24:59.554465",
    "end_time": "2025-05-10 08:24:59.554465",
    "symbol": "SOLUSDT",
    "initial_balance": 1000.0,
    "final_balance": 2916.4349997864692,
    "daily_pnl": 212.9372221984966,
    "total_pnl": 1916.4349997864695,
    "pnl_percentage": 191.64349997864693,
    "progress_to_target": 0.2916434999786469,
    "trades_count": 23,
    "win_rate": 0.5147335564630848,
    "max_drawdown": 0.18039679898883704,
    "sharpe_ratio": 0.5158975636006486,
    "status": "completed"
  },
  {
    "cycle_id": "sample_cycle_006_SOLUSDT",
    "start_time": "2025-05-08 23:24:59.554563",
    "end_time": "2025-05-09 08:24:59.554563",
    "symbol": "SOLUSDT",
    "initial_balance": 1000.0,
    "final_balance": 1603.4255444297685,
    "daily_pnl": 67.04728271441871,
    "total_pnl": 603.4255444297685,
    "pnl_percentage": 60.34255444297685,
    "progress_to_target": 0.16034255444297685,
    "trades_count": 45,
    "win_rate": 0.4007185870300902,
    "max_drawdown": 0.24128249013061748,
    "sharpe_ratio": 2.365296446262703,
    "status": "completed"
  },
  {
    "cycle_id": "sample_cycle_007_ETHUSDT",
    "start_time": "2025-02-02 23:24:59.554646",
    "end_time": "2025-02-05 16:24:59.554646",
    "symbol": "ETHUSDT",
    "initial_balance": 1000.0,
    "final_balance": 2196.133864340581,
    "daily_pnl": 299.0334660851453,
    "total_pnl": 1196.133864340581,
    "pnl_percentage": 119.61338643405813,
    "progress_to_target": 0.21961338643405812,
    "trades_count": 12,
    "win_rate": 0.4194615548452338,
    "max_drawdown": 0.1452737058162668,
    "sharpe_ratio": 0.7361902995425256,
    "status": "completed"
  },
  {
    "cycle_id": "sample_cycle_008_SOLUSDT",
    "start_time": "2025-08-30 23:24:59.554734",
    "end_time": "2025-09-01 19:24:59.554734",
    "symbol": "SOLUSDT",
    "initial_balance": 1000.0,
    "final_balance": 2367.961205267484,
    "daily_pnl": 195.42302932392627,
    "total_pnl": 1367.9612052674838,
    "pnl_percentage": 136.79612052674838,
    "progress_to_target": 0.2367961205267484,
    "trades_count": 34,
    "win_rate": 0.41794203172557987,
    "max_drawdown": 0.1491029709580839,
    "sharpe_ratio": 2.385919278289724,
    "status": "completed"
  },
  {
    "cycle_id": "sample_cycle_009_ADAUSDT",
    "start_time": "2025-01-06 23:24:59.554819",
    "end_time": "2025-01-08 23:24:59.554819",
    "symbol": "ADAUSDT",
    "initial_balance": 1000.0,
    "final_balance": 2839.293703867012,
    "daily_pnl": 262.75624340957313,
    "total_pnl": 1839.293703867012,
    "pnl_percentage": 183.9293703867012,
    "progress_to_target": 0.2839293703867012,
    "trades_count": 20,
    "win_rate": 0.7084938099919019,
    "max_drawdown": 0.16472280976409004,
    "sharpe_ratio": 1.827199589200124,
    "status": "completed"
  },
  {
    "cycle_id": "sample_cycle_010_BTCUSDT",
    "start_time": "2024-10-02 23:24:59.554904",
    "end_time": "2024-10-03 11:24:59.554904",
    "symbol": "BTCUSDT",
    "initial_balance": 1000.0,
    "final_balance": -172.48110226269137,
    "daily_pnl": -130.27567802918793,
    "total_pnl": -1172.4811022626914,
    "pnl_percentage": -117.24811022626913,
    "progress_to_target": -0.017248110226269136,
    "trades_count": 21,
    "win_rate": 0.6141602827095465,
    "max_drawdown": 0.24480577311088653,
    "sharpe_ratio": 2.086135653142798,
    "status": "completed"
  },
  {
    "cycle_id": "sample_cycle_011_ETHUSDT",
    "start_time": "2025-02-14 23:24:59.554991",
    "end_time": "2025-02-17 16:24:59.554991",
    "symbol": "ETHUSDT",
    "initial_balance": 1000.0,
    "final_balance": 1788.6251839117879,
    "daily_pnl": 262.8750613039293,
    "total_pnl": 788.6251839117879,
    "pnl_percentage": 78.86251839117878,
    "progress_to_target": 0.17886251839117878,
    "trades_count": 11,
    "win_rate": 0.695708624719372,
    "max_drawdown": 0.11555889353649507,
    "sharpe_ratio": 2.2784509357905196,
    "status": "completed"
  },
  {
    "cycle_id": "sample_cycle_012_SOLUSDT",
    "start_time": "2025-07-22 23:24:59.555075",
    "end_time": "2025-07-25 13:24:59.555075",
    "symbol": "SOLUSDT",
    "initial_balance": 1000.0,
    "final_balance": 2080.368059033282,
    "daily_pnl": 216.0736118066564,
    "total_pnl": 1080.368059033282,
    "pnl_percentage": 108.0368059033282,
    "progress_to_target": 0.2080368059033282,
    "trades_count": 5,
    "win_rate": 0.6429712646780127,
    "max_drawdown": 0.2395576445688512,
    "sharpe_ratio": 0.8640051313293733,
    "status": "completed"
  },
  {
    "cycle_id": "sample_cycle_013_SOLUSDT",
    "start_time": "2025-06-03 23:24:59.555159",
    "end_time": "2025-06-05 00:24:59.555159",
    "symbol": "SOLUSDT",
    "initial_balance": 1000.0,
    "final_balance": 1197.7807760313115,
    "daily_pnl": 32.96346267188524,
    "total_pnl": 197.78077603131143,
    "pnl_percentage": 19.778077603131145,
    "progress_to_target": 0.11977807760313115,
    "trades_count": 32,
    "win_rate": 0.4590599346006245,
    "max_drawdown": 0.18850823567338731,
    "sharpe_ratio": 0.8446983433104323,
    "status": "completed"
  },
  {
    "cycle_id": "sample_cycle_014_ETHUSDT",
    "start_time": "2024-12-25 23:24:59.555243",
    "end_time": "2024-12-26 18:24:59.555243",
    "symbol": "ETHUSDT",
    "initial_balance": 1000.0,
    "final_balance": 2176.0035253004817,
    "daily_pnl": 196.00058755008033,
    "total_pnl": 1176.003525300482,
    "pnl_percentage": 117.60035253004818,
    "progress_to_target": 0.21760035253004817,
    "trades_count": 11,
    "win_rate": 0.6644384379904623,
    "max_drawdown": 0.10019459458998684,
    "sharpe_ratio": 0.9053149669837159,
    "status": "completed"
  },
  {
    "cycle_id": "sample_cycle_015_ETHUSDT",
    "start_time": "2024-12-11 23:24:59.555326",
    "end_time": "2024-12-13 14:24:59.555326",
    "symbol": "ETHUSDT",
    "initial_balance": 1000.0,
    "final_balance": 839.9352306070309,
    "daily_pnl": -40.01619234824227,
    "total_pnl": -160.06476939296908,
    "pnl_percentage": -16.006476939296906,
    "progress_to_target": 0.0839935230607031,
    "trades_count": 11,
    "win_rate": 0.7995627668971915,
    "max_drawdown": 0.08451329735010846,
    "sharpe_ratio": 1.5122192897716937,
    "status": "completed"
  },
  {
    "cycle_id": "sample_cycle_016_BTCUSDT",
    "start_time": "2025-05-04 23:24:59.555410",
    "end_time": "2025-05-07 03:24:59.555410",
    "symbol": "BTCUSDT",
    "initial_balance": 1000.0,
    "final_balance": 1194.2565393556372,
    "daily_pnl": 97.12826967781858,
    "total_pnl": 194.25653935563716,
    "pnl_percentage": 19.425653935563716,
    "progress_to_target": 0.11942565393556373,
    "trades_count": 30,
    "win_rate": 0.7687776907771344,
    "max_drawdown": 0.1518330994014289,
    "sharpe_ratio": 0.9075801276467494,
    "status": "completed"
  },
  {
    "cycle_id": "sample_cycle_017_ADAUSDT",
    "start_time": "2024-11-04 23:24:59.555492",
    "end_time": "2024-11-07 06:24:59.555492",
    "symbol": "ADAUSDT",
    "initial_balance": 1000.0,
    "final_balance": 1465.8939327154947,
    "daily_pnl": 116.47348317887368,
    "total_pnl": 465.8939327154947,
    "pnl_percentage": 46.589393271549476,
    "progress_to_target": 0.14658939327154946,
    "trades_count": 23,
    "win_rate": 0.4901350693685556,
    "max_drawdown": 0.1505155344267818,
    "sharpe_ratio": 0.5933899922158894,
    "status": "completed"
  },
  {
    "cycle_id": "sample_cycle_018_ETHUSDT",
    "start_time": "2024-11-08 23:24:59.555575",
    "end_time": "2024-11-10 14:24:59.555575",
    "symbol": "ETHUSDT",
    "initial_balance": 1000.0,
    "final_balance": 628.6447909137241,
    "daily_pnl": -92.83880227156897,
    "total_pnl": -371.35520908627586,
    "pnl_percentage": -37.13552090862758,
    "progress_to_target": 0.06286447909137241,
    "trades_count": 9,
    "win_rate": 0.4871679571692327,
    "max_drawdown": 0.13822330617847134,
    "sharpe_ratio": 1.7438161933114524,
    "status": "completed"
  },
  {
    "cycle_id": "sample_cycle_019_SOLUSDT",
    "start_time": "2025-08-02 23:24:59.555657",
    "end_time": "2025-08-03 02:24:59.555657",
    "symbol": "SOLUSDT",
    "initial_balance": 1000.0,
    "final_balance": 694.6011950450188,
    "daily_pnl": -152.6994024774906,
    "total_pnl": -305.3988049549812,
    "pnl_percentage": -30.539880495498117,
    "progress_to_target": 0.06946011950450189,
    "trades_count": 47,
    "win_rate": 0.4223004119682136,
    "max_drawdown": 0.19327828929394736,
    "sharpe_ratio": 0.7150837433034063,
    "status": "completed"
  },
  {
    "cycle_id": "sample_cycle_020_ADAUSDT",
    "start_time": "2025-07-22 23:24:59.555739",
    "end_time": "2025-07-23 06:24:59.555739",
    "symbol": "ADAUSDT",
    "initial_balance": 1000.0,
    "final_balance": 1687.554965209371,
    "daily_pnl": 171.8887413023427,
    "total_pnl": 687.5549652093708,
    "pnl_percentage": 68.75549652093709,
    "progress_to_target": 0.1687554965209371,
    "trades_count": 8,
    "win_rate": 0.5352403954093308,
    "max_drawdown": 0.196974304620329,
    "sharpe_ratio": 2.225262301612962,
    "status": "completed"
  }
]