timestamp,open,high,low,close,volume
1757344860000,112808.52,112839.27,112779.38,112789.54,6.34314
1757344920000,112789.55,112862.7,112789.54,112854.83,18.42788
1757344980000,112854.83,112890.0,112840.3,112890.0,11.23588
1757345040000,112890.0,112924.37,112846.19,112857.45,33.48366
1757345100000,112857.45,112913.46,112793.47,112793.48,18.11291
1757345160000,112793.47,112805.6,112734.0,112778.64,22.82948
1757345220000,112778.64,112786.49,112754.78,112773.99,5.26092
1757345280000,112773.99,112813.44,112773.99,112813.44,5.01611
1757345340000,112813.45,112846.58,112813.44,112838.03,6.51151
1757345400000,112838.02,112839.56,112763.54,112791.14,12.63803
1757345460000,112791.14,112816.32,112760.81,112790.74,6.23889
1757345520000,112790.75,112798.14,112747.26,112798.13,7.82843
1757345580000,112798.13,112798.14,112771.34,112779.99,9.11029
1757345640000,112780.0,112798.35,112767.94,112767.94,4.45265
1757345700000,112767.95,112767.95,112678.12,112678.13,13.02471
1757345760000,112678.13,112744.68,112651.78,112651.78,8.57047
1757345820000,112651.78,112651.79,112612.63,112612.63,7.02441
1757345880000,112612.64,112626.6,112602.27,112626.59,4.05871
1757345940000,112626.59,112643.8,112626.59,112643.79,6.04414
1757346000000,112643.8,112649.99,112612.16,112629.29,4.62502
1757346060000,112629.3,112629.3,112599.71,112626.7,5.03671
1757346120000,112626.69,112643.78,112593.49,112593.5,7.8259
1757346180000,112593.5,112612.0,112593.49,112594.75,3.60051
1757346240000,112594.76,112645.16,112593.49,112645.16,5.28811
1757346300000,112645.16,112672.32,112610.0,112610.0,11.65838
1757346360000,112610.0,112616.85,112581.04,112587.01,10.54015
1757346420000,112587.01,112619.87,112570.0,112570.0,6.97146
1757346480000,112570.01,112606.85,112565.99,112596.01,3.40945
1757346540000,112596.02,112628.54,112574.39,112618.85,11.91015
1757346600000,112618.85,112618.86,112560.0,112574.01,5.57925
1757346660000,112574.01,112588.83,112550.0,112582.0,9.81177
1757346720000,112582.01,112582.01,112543.49,112543.49,5.81963
1757346780000,112543.49,112595.43,112543.49,112578.0,11.47543
1757346840000,112578.0,112615.58,112577.99,112615.57,4.92186
1757346900000,112615.57,112615.58,112546.95,112546.95,11.32325
1757346960000,112546.95,112566.46,112526.61,112549.62,46.38853
1757347020000,112549.63,112581.38,112549.63,112581.37,2.92711
1757347080000,112581.38,112606.52,112581.38,112598.0,9.75253
1757347140000,112597.99,112631.75,112597.99,112631.75,2.05184
1757347200000,112631.74,112652.02,112631.74,112633.75,12.59872
1757347260000,112633.75,112640.79,112588.73,112588.75,11.81025
1757347320000,112588.74,112607.97,112575.96,112575.96,6.2062
1757347380000,112575.97,112575.97,112550.0,112568.44,5.88824
1757347440000,112568.44,112594.3,112568.44,112570.66,7.16642
1757347500000,112570.65,112570.66,112530.0,112530.0,7.74973
1757347560000,112530.0,112530.01,112508.5,112508.51,4.00296
1757347620000,112508.51,112562.37,112508.51,112545.56,10.76176
1757347680000,112545.57,112583.37,112525.29,112525.29,4.19726
1757347740000,112525.29,112525.3,112442.17,112444.0,15.60586
1757347800000,112444.0,112467.99,112420.0,112420.0,18.78755
1757347860000,112420.0,112474.0,112418.53,112473.99,14.13145
1757347920000,112473.99,112474.0,112422.82,112433.45,6.38405
1757347980000,112433.46,112433.46,112419.82,112421.82,7.9048
1757348040000,112421.83,112427.99,112417.54,112417.57,5.04553
1757348100000,112417.56,112417.57,112350.94,112375.0,13.87141
1757348160000,112375.0,112391.0,112358.48,112358.48,3.58122
1757348220000,112358.48,112358.49,112293.18,112325.46,9.89233
1757348280000,112325.45,112384.89,112325.45,112365.99,6.84915
1757348340000,112365.99,112380.0,112359.57,112380.0,3.18095
1757348400000,112379.99,112396.45,112325.51,112325.52,9.67071
1757348460000,112325.51,112396.45,112325.51,112396.45,2.4621
1757348520000,112396.45,112417.57,112391.0,112400.0,4.24716
1757348580000,112400.0,112410.14,112399.99,112409.45,2.35387
1757348640000,112409.45,112431.46,112409.44,112409.44,10.03828
1757348700000,112409.44,112517.61,112409.44,112508.02,26.60021
1757348760000,112508.02,112611.24,112500.0,112600.0,31.5655
1757348820000,112599.99,112602.56,112584.0,112584.01,2.85512
1757348880000,112584.01,112613.32,112582.6,112613.32,7.03795
1757348940000,112613.31,112670.06,112613.31,112642.42,7.64129
1757349000000,112642.42,112652.28,112614.09,112619.55,7.50703
1757349060000,112619.54,112619.55,112568.09,112568.09,3.73784
1757349120000,112568.1,112568.1,112522.97,112522.97,4.58229
1757349180000,112522.97,112560.6,112522.97,112546.32,2.14853
1757349240000,112546.32,112560.59,112546.32,112552.0,5.9031
1757349300000,112552.01,112579.24,112532.04,112537.78,8.76939
1757349360000,112537.77,112543.59,112455.56,112459.65,7.07342
1757349420000,112459.65,112459.65,112347.76,112347.76,12.39017
1757349480000,112347.76,112347.77,112322.27,112347.76,6.80888
1757349540000,112347.77,112370.84,112325.26,112331.99,6.8517
1757349600000,112331.99,112422.63,112312.48,112360.71,28.4627
1757349660000,112360.71,112411.0,112319.87,112358.78,18.17884
1757349720000,112358.78,112422.63,112332.26,112422.63,9.07445
1757349780000,112422.62,112475.41,112400.64,112475.4,7.76271
1757349840000,112475.4,112499.42,112469.63,112479.56,13.1648
1757349900000,112479.56,112479.57,112392.33,112392.34,5.05053
1757349960000,112392.34,112392.34,112351.1,112351.11,5.86227
1757350020000,112351.11,112351.11,112294.97,112299.83,14.61127
1757350080000,112299.83,112333.84,112299.83,112333.84,5.11315
1757350140000,112333.84,112347.82,112333.83,112347.81,2.56343
1757350200000,112347.82,112359.99,112328.5,112359.99,2.97543
1757350260000,112359.99,112379.45,112358.37,112364.44,4.28456
1757350320000,112364.45,112364.45,112360.0,112360.01,1.03544
1757350380000,112360.01,112420.0,112360.0,112408.31,3.19281
1757350440000,112408.31,112422.63,112408.3,112422.62,7.33344
1757350500000,112422.63,112473.24,112422.63,112440.0,8.7105
1757350560000,112440.0,112464.52,112430.32,112464.51,3.70275
1757350620000,112464.51,112464.51,112453.89,112453.89,1.19477
1757350680000,112453.89,112453.9,112387.97,112387.97,3.86475
1757350740000,112387.98,112398.01,112382.71,112398.0,1.93426
1757350800000,112398.01,112400.0,112365.48,112399.99,6.34289
1757350860000,112399.99,112400.0,112322.79,112322.79,7.22807
1757350920000,112322.79,112373.33,112304.0,112373.33,14.40195
1757350980000,112373.33,112391.05,112320.04,112337.51,7.30273
1757351040000,112337.52,112355.94,112320.98,112320.98,7.59806
1757351100000,112320.98,112330.11,112271.59,112276.0,9.14197
1757351160000,112275.99,112284.0,112209.17,112243.37,102.13686
1757351220000,112243.38,112263.41,112232.53,112259.42,5.15942
1757351280000,112259.42,112271.91,112258.24,112271.91,3.57843
1757351340000,112271.91,112281.73,112271.9,112271.92,5.187
1757351400000,112271.91,112346.75,112271.91,112346.75,5.59477
1757351460000,112346.75,112380.0,112325.31,112325.32,7.64872
1757351520000,112325.32,112360.45,112325.31,112356.43,10.19859
1757351580000,112356.43,112356.44,112341.1,112341.1,2.72055
1757351640000,112341.1,112341.11,112330.0,112330.0,3.79511
1757351700000,112330.01,112400.0,112330.01,112399.99,4.75611
1757351760000,112399.99,112400.0,112392.21,112396.12,5.05795
1757351820000,112396.12,112396.13,112369.55,112395.8,7.37665
1757351880000,112395.8,112422.63,112395.8,112422.63,7.95841
1757351940000,112422.63,112422.63,112394.93,112394.94,11.5002
1757352000000,112394.93,112491.95,112394.93,112463.41,18.18126
1757352060000,112463.41,112463.42,112428.95,112454.65,3.62755
1757352120000,112454.66,112504.99,112454.65,112504.98,5.04727
1757352180000,112504.99,112522.97,112504.98,112517.88,5.1973
1757352240000,112517.88,112528.0,112517.88,112527.99,3.54095
1757352300000,112527.99,112531.6,112505.92,112505.93,4.87181
1757352360000,112505.93,112505.93,112481.85,112494.42,3.16615
1757352420000,112494.42,112505.68,112494.42,112505.67,1.81988
1757352480000,112505.68,112518.12,112505.67,112515.3,3.31083
1757352540000,112515.29,112518.12,112515.29,112518.12,0.86768
1757352600000,112518.11,112531.6,112458.82,112458.83,11.69142
1757352660000,112458.82,112465.45,112447.1,112465.44,7.26196
1757352720000,112465.44,112465.45,112427.52,112427.53,4.28669
1757352780000,112427.52,112459.01,112422.62,112422.62,3.36721
1757352840000,112422.63,112431.12,112413.39,112431.12,2.22842
1757352900000,112431.12,112450.46,112431.11,112449.98,3.42758
1757352960000,112449.98,112449.98,112420.8,112420.8,3.62926
1757353020000,112420.81,112432.0,112398.25,112398.25,4.36343
1757353080000,112398.26,112407.99,112398.25,112402.66,1.88719
1757353140000,112402.66,112402.67,112385.67,112397.83,4.7239
1757353200000,112397.82,112403.98,112394.99,112403.97,3.49227
1757353260000,112403.97,112403.98,112320.77,112320.77,11.40879
1757353320000,112320.78,112353.99,112288.86,112307.99,6.59941
1757353380000,112307.99,112315.7,112279.49,112279.49,6.11898
1757353440000,112279.49,112279.5,112250.97,112250.98,4.50279
1757353500000,112250.98,112271.82,112239.17,112271.81,6.19059
1757353560000,112271.81,112271.82,112221.93,112244.39,6.43367
1757353620000,112244.39,112276.36,112244.38,112276.35,6.34011
1757353680000,112276.36,112331.32,112276.35,112331.32,4.43004
1757353740000,112331.31,112331.31,112291.73,112291.73,3.02328
1757353800000,112291.73,112291.74,112261.22,112261.22,2.43624
1757353860000,112261.22,112261.22,112196.0,112205.98,6.52778
1757353920000,112205.98,112205.99,112138.11,112138.11,4.85262
1757353980000,112138.11,112138.12,112083.74,112121.41,12.96039
1757354040000,112121.41,112173.92,112075.2,112173.91,10.29443
1757354100000,112173.91,112231.17,112154.22,112199.01,13.70195
1757354160000,112199.01,112209.97,112172.75,112180.0,10.2154
1757354220000,112180.0,112215.95,112180.0,112188.0,1.93266
1757354280000,112188.0,112201.97,112188.0,112197.98,4.01777
1757354340000,112197.99,112214.77,112197.98,112214.4,4.6176
1757354400000,112214.41,112238.81,112197.98,112228.01,5.02186
1757354460000,112228.01,112272.16,112228.0,112272.16,7.4514
1757354520000,112272.16,112290.08,112258.2,112290.08,4.00061
1757354580000,112290.08,112290.09,112267.83,112289.63,2.80799
1757354640000,112289.64,112289.64,112237.99,112245.12,10.83523
1757354700000,112245.12,112304.0,112245.11,112303.99,7.95684
1757354760000,112303.99,112304.0,112288.0,112291.03,2.69338
1757354820000,112291.04,112304.0,112261.34,112261.35,2.01778
1757354880000,112261.34,112261.35,112204.97,112211.97,8.4733
1757354940000,112211.98,112254.3,112202.6,112202.6,4.79206
1757355000000,112202.6,112254.53,112184.97,112254.52,8.63775
1757355060000,112254.53,112254.53,112212.89,112235.98,3.87055
1757355120000,112235.98,112246.78,112232.06,112236.87,2.17528
1757355180000,112236.86,112290.66,112231.96,112290.65,2.81569
1757355240000,112290.66,112290.66,112274.55,112281.99,2.29571
1757355300000,112281.99,112357.55,112281.99,112357.55,7.74444
1757355360000,112357.54,112374.4,112357.54,112374.39,5.39886
1757355420000,112374.4,112431.46,112366.35,112431.45,8.16059
1757355480000,112431.45,112431.46,112431.45,112431.46,2.0639
1757355540000,112431.45,112439.35,112420.22,112430.0,3.37746
1757355600000,112430.0,112435.14,112409.35,112423.54,3.64085
1757355660000,112423.54,112436.72,112401.23,112404.5,13.89083
1757355720000,112404.5,112404.5,112354.95,112362.0,2.51345
1757355780000,112361.99,112376.5,112354.95,112354.96,2.74925
1757355840000,112354.95,112391.02,112354.95,112359.86,1.76493
1757355900000,112359.86,112383.65,112334.5,112348.3,3.92664
1757355960000,112348.29,112372.71,112348.29,112372.57,2.78979
1757356020000,112372.57,112390.0,112372.57,112384.11,1.49995
1757356080000,112384.12,112404.5,112384.11,112404.5,2.30416
1757356140000,112404.5,112404.5,112385.19,112385.2,8.77595
1757356200000,112385.19,112385.19,112372.9,112384.15,5.82172
1757356260000,112384.15,112395.06,112365.02,112365.02,4.78703
1757356320000,112365.02,112365.03,112339.99,112339.99,6.60015
1757356380000,112339.99,112359.99,112331.31,112347.99,16.83282
1757356440000,112348.0,112359.13,112348.0,112359.12,1.81678
1757356500000,112359.13,112369.07,112355.03,112364.61,5.11076
1757356560000,112364.62,112364.62,112322.27,112322.27,6.35561
1757356620000,112322.27,112332.0,112310.0,112310.01,3.01882
1757356680000,112310.0,112342.32,112287.91,112287.91,4.29055
1757356740000,112287.92,112297.5,112274.25,112279.17,3.16159
1757356800000,112279.18,112301.86,112257.46,112269.52,5.03701
1757356860000,112269.52,112296.99,112269.52,112296.99,3.01479
1757356920000,112296.98,112319.94,112296.98,112319.93,2.72721
1757356980000,112319.93,112328.02,112309.92,112326.17,4.16398
1757357040000,112326.16,112326.17,112326.16,112326.16,0.97788
1757357100000,112326.17,112368.47,112326.16,112368.47,2.42866
1757357160000,112368.47,112396.76,112368.46,112394.24,3.71971
1757357220000,112394.24,112400.0,112394.24,112400.0,1.92109
1757357280000,112399.99,112431.46,112399.99,112431.45,7.19032
1757357340000,112431.45,112439.43,112412.75,112438.78,5.34544
1757357400000,112438.77,112454.07,112434.18,112449.99,5.70104
1757357460000,112449.99,112453.75,112449.99,112453.75,3.31627
1757357520000,112453.74,112453.75,112447.17,112447.17,3.60455
1757357580000,112447.17,112447.18,112416.95,112416.95,3.49295
1757357640000,112416.96,112438.0,112416.95,112436.56,4.3007
1757357700000,112436.56,112460.0,112436.56,112460.0,4.87484
1757357760000,112460.0,112461.53,112459.99,112461.52,12.30736
1757357820000,112461.52,112500.0,112461.51,112500.0,9.68449
1757357880000,112500.0,112515.59,112499.99,112515.58,1.6985
1757357940000,112515.58,112515.59,112477.0,112477.01,6.57533
1757358000000,112477.01,112477.01,112440.02,112440.02,8.12363
1757358060000,112440.02,112451.27,112429.82,112435.28,3.56905
1757358120000,112435.29,112435.29,112418.79,112418.79,2.7285
1757358180000,112418.8,112418.8,112390.55,112390.55,3.45816
1757358240000,112390.55,112397.9,112380.0,112397.28,7.03571
1757358300000,112397.28,112397.9,112363.76,112363.76,7.57344
1757358360000,112363.76,112363.77,112325.66,112334.0,4.50088
1757358420000,112333.99,112334.0,112330.99,112331.0,1.60421
1757358480000,112330.99,112331.0,112281.73,112281.74,8.20371
1757358540000,112281.73,112281.74,112204.35,112204.35,9.54626
1757358600000,112204.35,112218.44,112178.69,112218.43,5.03715
1757358660000,112218.43,112218.44,112191.36,112195.99,7.99385
1757358720000,112196.0,112196.0,112164.35,112182.85,7.66669
1757358780000,112182.86,112226.58,112182.85,112226.58,11.54755
1757358840000,112226.58,112228.88,112226.57,112228.59,2.4835
1757358900000,112228.6,112228.6,112164.5,112180.05,6.51523
1757358960000,112180.04,112212.8,112180.04,112210.0,4.33823
1757359020000,112209.99,112210.0,112198.77,112198.77,3.32025
1757359080000,112198.77,112231.28,112198.77,112231.27,4.6078
1757359140000,112231.28,112238.81,112196.9,112202.48,5.27049
1757359200000,112202.48,112202.49,112202.0,112202.01,9.83569
1757359260000,112202.01,112202.01,112179.63,112191.22,9.31977
1757359320000,112191.22,112191.23,112179.63,112189.65,5.91808
1757359380000,112189.65,112189.66,112164.69,112164.7,10.18041
1757359440000,112164.69,112164.7,112161.05,112161.06,3.7524
1757359500000,112161.05,112182.52,112150.0,112180.1,5.02045
1757359560000,112180.1,112180.1,112151.31,112159.99,3.40558
1757359620000,112159.98,112188.84,112159.98,112188.83,4.82418
1757359680000,112188.84,112202.98,112188.83,112196.99,3.04786
1757359740000,112196.99,112206.54,112196.99,112201.19,2.80016
1757359800000,112201.18,112239.32,112201.18,112239.32,2.46837
1757359860000,112239.32,112239.32,112239.31,112239.32,1.66413
1757359920000,112239.31,112239.31,112216.82,112216.83,4.10544
1757359980000,112216.83,112216.83,112149.17,112149.17,4.23184
1757360040000,112149.18,112149.18,112106.98,112119.86,12.42139
1757360100000,112119.85,112119.86,112080.04,112105.02,14.29375
1757360160000,112105.02,112138.59,112105.02,112135.49,20.75354
1757360220000,112135.48,112153.01,112111.47,112118.5,14.09327
1757360280000,112118.49,112134.97,112114.29,112114.29,1.88
1757360340000,112114.3,112122.94,112094.38,112094.38,9.01523
1757360400000,112094.38,112112.04,112089.6,112112.04,13.97443
1757360460000,112112.03,112158.17,112112.03,112125.54,11.63376
1757360520000,112125.53,112125.54,112112.49,112116.83,6.63716
1757360580000,112116.82,112147.64,112116.82,112142.72,9.88988
1757360640000,112142.72,112155.38,112114.95,112114.95,6.01776
1757360700000,112114.96,112132.81,112100.0,112132.81,3.0465
1757360760000,112132.8,112132.81,112101.16,112101.16,2.7458
1757360820000,112101.16,112112.89,112092.79,112098.33,3.55561
1757360880000,112098.34,112112.89,112098.33,112112.89,3.68769
1757360940000,112112.89,112154.4,112112.88,112154.35,17.40711
1757361000000,112154.34,112154.34,112083.68,112088.69,7.6695
1757361060000,112088.7,112102.55,112082.09,112087.55,4.13093
1757361120000,112087.54,112087.55,112064.43,112064.43,13.53476
1757361180000,112064.43,112074.66,112064.43,112074.65,2.51699
1757361240000,112074.65,112077.12,112074.65,112075.58,6.55521
1757361300000,112075.57,112083.6,112064.43,112066.2,5.5049
1757361360000,112066.2,112066.21,112066.2,112066.2,1.23172
1757361420000,112066.2,112066.21,111978.67,112008.42,23.66912
1757361480000,112008.42,112039.99,112008.41,112025.06,8.21565
1757361540000,112025.07,112097.31,112025.07,112097.31,20.49765
1757361600000,112097.31,112153.07,112071.29,112138.81,12.48763
1757361660000,112138.81,112153.05,112131.16,112139.16,2.09494
1757361720000,112139.15,112139.16,112117.8,112129.04,8.0493
1757361780000,112129.03,112129.04,112089.49,112104.27,4.58812
1757361840000,112104.27,112104.27,112064.57,112064.57,2.70564
1757361900000,112064.57,112068.42,112057.2,112057.22,2.12157
1757361960000,112057.22,112057.22,112057.21,112057.21,1.02077
1757362020000,112057.21,112075.79,112057.21,112057.21,2.77584
1757362080000,112057.22,112077.86,112057.21,112077.85,3.02381
1757362140000,112077.86,112077.86,112060.29,112060.3,1.36492
1757362200000,112060.3,112071.31,112060.3,112061.51,2.65103
1757362260000,112061.5,112089.53,112061.5,112089.52,4.62084
1757362320000,112089.52,112089.53,112080.0,112080.0,4.63238
1757362380000,112080.0,112080.01,112049.09,112049.09,3.76772
1757362440000,112049.1,112071.15,112048.9,112071.15,2.59025
1757362500000,112071.14,112071.15,112044.75,112044.75,4.7038
1757362560000,112044.75,112044.76,112030.87,112030.87,2.45234
1757362620000,112030.88,112030.88,112030.34,112030.34,1.80293
1757362680000,112030.34,112030.35,111989.71,111989.72,8.7695
1757362740000,111989.72,111992.68,111969.76,111992.67,5.46099
1757362800000,111992.68,112012.72,111992.68,112012.71,3.48015
1757362860000,112012.71,112026.33,112012.71,112026.32,4.19446
1757362920000,112026.32,112032.67,112026.32,112032.66,3.75088
1757362980000,112032.66,112032.67,112001.18,112001.19,3.14645
1757363040000,112001.18,112018.62,112001.18,112018.61,3.23418
1757363100000,112018.61,112018.62,111979.27,111990.0,4.81325
1757363160000,111989.99,112031.51,111989.99,112031.5,6.6407
1757363220000,112031.5,112031.51,112031.5,112031.5,1.39567
1757363280000,112031.5,112031.51,112031.5,112031.51,1.86554
1757363340000,112031.5,112031.51,112031.5,112031.5,1.88604
1757363400000,112031.51,112031.51,112031.5,112031.5,3.3172
1757363460000,112031.5,112031.51,112022.53,112022.53,4.20184
1757363520000,112022.53,112022.54,112015.98,112022.54,3.70706
1757363580000,112022.54,112032.0,111950.0,111950.0,26.07046
1757363640000,111950.01,111960.0,111950.0,111950.57,5.57143
1757363700000,111950.57,111971.34,111950.56,111971.33,5.63439
1757363760000,111971.33,111981.01,111971.33,111981.0,2.03292
1757363820000,111981.0,111981.01,111971.55,111971.55,1.5793
1757363880000,111971.55,111971.56,111941.4,111941.41,5.05668
1757363940000,111941.4,111941.41,111941.4,111941.41,2.69794
1757364000000,111941.4,111941.41,111933.75,111933.75,1.75528
1757364060000,111933.76,111933.76,111930.76,111930.84,7.58878
1757364120000,111930.84,111930.85,111922.88,111922.88,8.91364
1757364180000,111922.88,111922.89,111913.03,111913.03,2.79764
1757364240000,111913.03,111913.04,111913.03,111913.03,3.11075
1757364300000,111913.04,111913.04,111903.99,111903.99,4.99888
1757364360000,111903.99,111903.99,111900.0,111900.0,1.39068
1757364420000,111899.99,111900.0,111896.2,111896.2,2.60203
1757364480000,111896.2,111896.21,111896.0,111896.0,2.23646
1757364540000,111896.0,111896.01,111896.0,111896.01,1.99499
1757364600000,111896.0,111912.94,111896.0,111912.94,15.1333
1757364660000,111912.93,111919.06,111912.93,111919.06,3.88193
1757364720000,111919.05,111972.99,111919.05,111972.99,10.91186
1757364780000,111972.99,112001.13,111972.99,111999.99,2.86192
1757364840000,112000.0,112040.03,111999.99,112040.03,15.39271
1757364900000,112040.02,112040.03,112040.02,112040.02,2.84112
1757364960000,112040.02,112040.03,112015.48,112015.48,3.6397
1757365020000,112015.48,112015.49,112015.48,112015.49,1.2701
1757365080000,112015.48,112015.49,111964.8,111985.86,16.97998
1757365140000,111985.86,111985.87,111954.1,111958.04,2.61365
1757365200000,111958.04,111958.05,111930.73,111930.74,1.95204
1757365260000,111930.73,111930.74,111930.73,111930.74,1.20297
1757365320000,111930.73,111930.74,111930.73,111930.74,1.57009
1757365380000,111930.74,111940.87,111930.73,111940.86,6.74097
1757365440000,111940.87,111940.87,111940.86,111940.86,5.25383
1757365500000,111940.87,111940.87,111937.54,111937.54,2.71481
1757365560000,111937.54,111937.55,111937.54,111937.55,1.3774
1757365620000,111937.54,111937.55,111937.54,111937.54,4.98596
1757365680000,111937.54,111937.55,111937.54,111937.54,8.6412
1757365740000,111937.54,111937.55,111937.54,111937.54,3.87921
1757365800000,111937.55,111948.75,111937.54,111948.75,6.15309
1757365860000,111948.74,111948.75,111948.74,111948.74,5.19181
1757365920000,111948.74,111948.75,111948.74,111948.74,5.0261
1757365980000,111948.74,111970.99,111948.74,111970.98,9.35231
1757366040000,111970.98,112142.24,111970.97,112142.23,28.54144
1757366100000,112142.23,112154.25,112091.88,112091.89,9.47706
1757366160000,112091.89,112091.89,112091.88,112091.88,1.56963
1757366220000,112091.89,112091.89,112077.15,112077.15,3.76684
1757366280000,112077.15,112077.15,112056.7,112056.7,1.70972
1757366340000,112056.71,112056.71,112056.7,112056.7,2.207
1757366400000,112056.7,112056.7,112051.6,112051.61,1.7822
1757366460000,112051.6,112064.9,112051.6,112064.89,4.11167
1757366520000,112064.9,112076.11,112064.89,112076.1,3.20216
1757366580000,112076.1,112076.11,112076.1,112076.1,2.75685
1757366640000,112076.11,112108.6,112076.1,112108.59,3.87021
1757366700000,112108.6,112123.24,112108.59,112113.17,3.0147
1757366760000,112113.18,112113.18,112113.17,112113.17,1.96485
1757366820000,112113.18,112113.18,112097.85,112111.65,14.87812
1757366880000,112111.65,112111.66,112111.65,112111.66,1.32307
1757366940000,112111.65,112111.66,112103.31,112103.32,12.74833
1757367000000,112103.31,112111.72,112103.31,112111.65,2.80265
1757367060000,112111.65,112112.02,112111.65,112112.01,7.97937
1757367120000,112112.01,112112.02,112112.01,112112.02,1.03081
1757367180000,112112.01,112131.23,112112.01,112131.23,2.57128
1757367240000,112131.23,112134.19,112131.22,112134.19,2.55582
1757367300000,112134.18,112162.44,112134.18,112162.44,2.89058
1757367360000,112162.44,112189.78,112162.43,112189.77,13.61064
1757367420000,112189.77,112189.78,112189.77,112189.77,1.7849
1757367480000,112189.77,112221.94,112189.77,112221.93,18.12895
1757367540000,112221.94,112231.17,112221.93,112231.17,2.1204
1757367600000,112231.16,112331.32,112231.16,112328.0,15.22285
1757367660000,112327.99,112328.0,112327.99,112327.99,1.00533
1757367720000,112328.0,112328.0,112324.62,112324.63,2.37803
1757367780000,112324.63,112324.63,112260.01,112260.01,7.67845
1757367840000,112260.01,112260.01,112252.8,112252.81,2.08622
1757367900000,112252.8,112252.81,112250.1,112250.1,3.01156
1757367960000,112250.11,112250.11,112250.1,112250.11,1.5323
1757368020000,112250.11,112250.12,112250.1,112250.11,2.28152
1757368080000,112250.12,112250.12,112250.11,112250.12,1.9435
1757368140000,112250.11,112250.12,112250.11,112250.12,1.22169
1757368200000,112250.11,112257.3,112250.11,112257.3,1.43211
1757368260000,112257.3,112264.77,112257.29,112264.77,4.34415
1757368320000,112264.77,112267.47,112264.76,112267.47,2.0029
1757368380000,112267.46,112267.47,112267.46,112267.46,1.282
1757368440000,112267.46,112267.47,112267.46,112267.46,1.14836
1757368500000,112267.47,112273.53,112267.46,112273.52,2.0989
1757368560000,112273.53,112273.53,112273.52,112273.52,1.07919
1757368620000,112273.53,112273.53,112273.52,112273.52,0.89277
1757368680000,112273.53,112293.22,112273.52,112293.22,2.55487
1757368740000,112295.97,112326.45,112295.97,112326.45,1.90596
1757368800000,112326.45,112391.03,112326.45,112366.31,8.61826
1757368860000,112366.3,112427.29,112366.3,112427.29,8.43964
1757368920000,112427.29,112447.66,112380.84,112394.0,15.19997
1757368980000,112393.99,112465.23,112393.99,112395.13,12.11648
1757369040000,112395.13,112395.14,112360.77,112360.77,6.98848
1757369100000,112360.77,112368.42,112358.42,112358.43,3.58261
1757369160000,112358.43,112379.86,112344.84,112372.42,8.49395
1757369220000,112372.41,112375.39,112358.82,112375.39,4.16036
1757369280000,112375.38,112395.05,112375.38,112395.04,4.62438
1757369340000,112395.05,112433.33,112395.04,112433.32,3.50409
1757369400000,112433.32,112459.95,112433.32,112459.94,3.31161
1757369460000,112459.94,112494.01,112459.94,112494.01,5.41797
1757369520000,112494.0,112512.71,112461.18,112461.18,8.30414
1757369580000,112461.19,112484.59,112443.91,112460.35,6.02458
1757369640000,112460.34,112468.0,112443.97,112443.98,3.05052
1757369700000,112443.97,112443.97,112387.46,112387.47,6.30997
1757369760000,112387.47,112420.0,112387.47,112408.0,5.97744
1757369820000,112407.99,112455.34,112406.83,112406.83,6.01707
1757369880000,112406.83,112417.91,112381.16,112392.54,5.97951
1757369940000,112392.54,112392.55,112392.53,112392.53,0.95868
1757370000000,112392.53,112405.26,112392.53,112405.25,2.64399
1757370060000,112405.25,112405.26,112364.1,112364.1,8.13697
1757370120000,112364.09,112364.1,112343.49,112343.49,1.80322
1757370180000,112343.49,112376.59,112343.49,112376.58,4.16724
1757370240000,112376.59,112397.99,112376.58,112389.16,2.63587
1757370300000,112389.15,112389.16,112343.99,112343.99,4.41507
1757370360000,112343.99,112344.0,112315.84,112315.84,5.04462
1757370420000,112315.85,112326.94,112315.84,112319.6,2.26413
1757370480000,112319.59,112325.99,112319.59,112325.99,1.01479
1757370540000,112325.98,112325.99,112322.71,112322.71,1.38023
1757370600000,112322.71,112331.99,112308.0,112308.0,2.52393
1757370660000,112307.83,112344.6,112295.22,112344.59,13.96223
1757370720000,112344.59,112344.6,112319.85,112329.57,3.07691
1757370780000,112329.57,112335.96,112329.57,112335.95,1.9937
1757370840000,112335.96,112344.24,112329.57,112344.24,5.28388
1757370900000,112344.23,112365.68,112343.87,112346.82,8.17945
1757370960000,112346.82,112346.83,112319.94,112319.95,8.71603
1757371020000,112319.95,112319.95,112295.73,112306.11,4.16113
1757371080000,112306.12,112315.75,112293.13,112315.75,2.97659
1757371140000,112315.74,112362.79,112315.74,112362.78,3.50237
1757371200000,112362.79,112362.79,112362.78,112362.78,1.69445
1757371260000,112362.79,112362.79,112351.35,112360.22,3.10953
1757371320000,112360.21,112396.94,112360.21,112396.93,2.15681
1757371380000,112396.94,112396.94,112370.11,112375.98,3.16935
1757371440000,112375.98,112389.47,112375.98,112382.0,3.17499
1757371500000,112382.0,112382.01,112364.53,112377.99,2.45994
1757371560000,112378.0,112378.0,112320.42,112320.42,6.46312
1757371620000,112320.42,112320.42,112300.01,112300.02,2.19231
1757371680000,112300.01,112300.02,112293.25,112293.25,1.88045
1757371740000,112293.26,112293.26,112273.59,112273.59,2.49126
1757371800000,112273.6,112273.6,112259.69,112259.7,1.88823
1757371860000,112259.7,112259.7,112232.31,112241.57,2.57501
1757371920000,112241.57,112241.57,112210.91,112210.91,7.09998
1757371980000,112210.92,112214.59,112210.91,112214.59,1.9424
1757372040000,112214.58,112230.0,112214.58,112230.0,2.292
1757372100000,112230.0,112230.0,112210.91,112210.91,3.30173
1757372160000,112210.92,112210.92,112210.91,112210.91,3.41232
1757372220000,112210.92,112217.9,112210.91,112217.9,1.57287
1757372280000,112217.9,112232.81,112217.89,112232.81,4.00149
1757372340000,112232.81,112236.71,112232.8,112236.71,2.37793
1757372400000,112236.71,112257.56,112236.7,112245.38,2.4397
1757372460000,112245.39,112245.39,112237.37,112237.37,1.77321
1757372520000,112237.38,112237.38,112225.11,112225.11,2.2152
1757372580000,112225.12,112259.02,112225.11,112258.79,2.85433
1757372640000,112258.8,112258.8,112258.79,112258.8,1.70579
1757372700000,112258.8,112286.74,112258.79,112286.73,2.2638
1757372760000,112286.74,112286.74,112286.73,112286.73,1.66096
1757372820000,112286.74,112286.74,112286.73,112286.73,1.6995
1757372880000,112286.74,112305.03,112286.73,112305.02,4.30797
1757372940000,112305.03,112305.03,112290.38,112290.38,2.89291
1757373000000,112290.39,112290.39,112290.38,112290.38,1.78446
1757373060000,112290.39,112290.39,112266.03,112266.04,3.18379
1757373120000,112266.04,112266.04,112224.93,112224.93,5.78744
1757373180000,112224.94,112224.94,112213.89,112213.89,3.22756
1757373240000,112213.9,112213.9,112211.65,112211.66,2.39532
1757373300000,112211.65,112211.66,112211.65,112211.65,1.33746
1757373360000,112211.65,112213.9,112211.65,112213.89,8.69992
1757373420000,112213.9,112239.08,112213.89,112239.08,3.30215
1757373480000,112239.09,112251.81,112239.08,112251.8,1.96898
1757373540000,112251.81,112280.0,112251.8,112280.0,6.44195
1757373600000,112280.0,112280.0,112279.99,112279.99,1.49648
1757373660000,112280.0,112280.0,112200.66,112200.66,12.75496
1757373720000,112200.67,112200.67,112200.66,112200.66,1.26433
1757373780000,112200.67,112200.67,112200.66,112200.66,1.42191
1757373840000,112200.67,112200.67,112200.66,112200.66,2.7158
1757373900000,112200.67,112200.67,112184.7,112184.71,3.98833
1757373960000,112184.7,112184.71,112158.91,112158.92,6.67689
1757374020000,112158.92,112158.92,112131.02,112131.02,6.16321
1757374080000,112131.03,112131.03,112131.02,112131.03,1.60911
1757374140000,112131.03,112131.04,112131.02,112131.03,4.84186
1757374200000,112131.04,112131.04,112131.03,112131.04,1.7193
1757374260000,112131.04,112131.04,112100.98,112100.98,6.50106
1757374320000,112100.99,112100.99,112080.69,112080.69,3.71739
1757374380000,112080.69,112084.87,112076.1,112084.86,3.85949
1757374440000,112084.87,112092.94,112084.86,112092.93,5.9536
1757374500000,112092.93,112105.6,112092.93,112105.6,5.89569
1757374560000,112105.6,112111.22,112105.59,112111.21,4.49507
1757374620000,112111.22,112116.98,112111.21,112116.98,4.03608
1757374680000,112116.98,112133.27,112116.97,112129.82,6.19128
1757374740000,112129.83,112129.83,112129.81,112129.81,1.94787
1757374800000,112129.82,112129.82,112129.81,112129.82,1.20146
1757374860000,112129.82,112129.82,112068.72,112068.72,5.84972
1757374920000,112068.73,112068.73,112068.72,112068.72,1.73582
1757374980000,112068.73,112068.73,112037.0,112037.01,12.54098
1757375040000,112037.01,112037.01,112037.0,112037.0,1.81045
1757375100000,112037.01,112037.01,112037.0,112037.0,1.21785
1757375160000,112037.01,112037.01,112030.87,112030.88,2.81663
1757375220000,112030.88,112045.71,112030.87,112045.71,9.30198
1757375280000,112045.71,112062.87,112045.7,112051.66,13.16561
1757375340000,112051.66,112051.66,112051.65,112051.65,1.95334
1757375400000,112051.66,112051.66,112034.84,112034.85,2.63516
1757375460000,112034.84,112034.85,111989.0,111997.0,16.05024
1757375520000,111997.01,112020.54,111997.0,112020.53,6.2103
1757375580000,112020.54,112020.54,112020.53,112020.53,1.41499
1757375640000,112020.54,112085.28,112020.53,112071.55,15.94645
1757375700000,112071.56,112118.58,112071.55,112112.0,18.14198
1757375760000,112112.01,112112.01,112089.46,112089.46,9.00573
1757375820000,112089.46,112089.47,112066.9,112066.9,6.82493
1757375880000,112066.91,112078.72,112066.9,112076.74,11.12727
1757375940000,112076.75,112076.75,112065.22,112065.23,2.29902
1757376000000,112065.23,112087.96,112055.74,112072.21,10.87704
1757376060000,112072.21,112098.68,112068.7,112068.71,4.12876
1757376120000,112068.7,112081.98,112068.7,112081.97,8.70826
1757376180000,112081.98,112104.41,112077.91,112077.92,9.61388
1757376240000,112077.92,112090.36,112070.0,112070.0,5.33734
1757376300000,112070.01,112081.98,112070.0,112081.97,11.42451
1757376360000,112081.98,112081.98,112043.86,112043.86,27.58606
1757376420000,112043.87,112043.87,112033.64,112033.65,5.02759
1757376480000,112033.65,112072.0,112033.64,112071.99,5.76736
1757376540000,112072.0,112072.0,112071.98,112072.0,6.09098
1757376600000,112072.0,112072.0,112041.21,112041.82,4.38112
1757376660000,112041.82,112041.82,112032.38,112032.38,7.72525
1757376720000,112032.39,112032.39,111980.97,111992.49,27.83112
1757376780000,111992.5,111992.5,111972.77,111983.74,14.44861
1757376840000,111983.74,112027.43,111983.73,112027.42,5.42335
1757376900000,112027.43,112060.41,112027.42,112044.01,8.20223
1757376960000,112044.0,112094.16,112044.0,112094.15,11.39582
1757377020000,112094.16,112094.16,112025.25,112025.26,13.56584
1757377080000,112025.26,112025.26,111939.86,111939.86,10.14599
1757377140000,111939.86,111945.47,111920.89,111945.46,12.5261
1757377200000,111945.47,111945.47,111942.01,111942.02,3.23621
1757377260000,111942.01,111964.14,111942.01,111964.13,9.39442
1757377320000,111964.14,111964.14,111862.06,111862.74,25.78382
1757377380000,111862.74,111862.75,111691.37,111724.48,35.65807
1757377440000,111724.47,111724.48,111621.0,111687.17,39.32777
1757377500000,111687.18,111687.18,111660.52,111663.57,3.3452
1757377560000,111663.57,111663.57,111634.42,111634.43,6.39652
1757377620000,111634.43,111650.65,111634.42,111650.65,10.88415
1757377680000,111650.65,111743.54,111650.65,111728.83,25.50318
1757377740000,111728.84,111728.84,111665.22,111665.22,17.03901
1757377800000,111665.21,111665.21,111578.5,111578.5,21.47701
1757377860000,111578.5,111608.37,111555.01,111608.36,22.94906
1757377920000,111608.37,111623.67,111585.02,111613.18,10.37652
1757377980000,111613.19,111660.28,111613.18,111660.28,8.57637
1757378040000,111660.27,111660.28,111633.08,111640.06,8.72433
1757378100000,111640.05,111672.91,111627.57,111672.9,9.02889
1757378160000,111672.91,111690.5,111627.59,111627.6,6.56348
1757378220000,111627.6,111627.6,111606.52,111606.53,11.31075
1757378280000,111606.52,111608.0,111593.02,111605.88,6.85643
1757378340000,111605.88,111620.57,111599.81,111620.56,32.62709
1757378400000,111620.57,111620.57,111607.32,111607.33,6.7738
1757378460000,111607.32,111615.69,111607.32,111615.69,6.14551
1757378520000,111615.69,111615.69,111609.63,111609.64,2.60458
1757378580000,111609.64,111609.65,111609.63,111609.65,3.36262
1757378640000,111609.65,111609.65,111609.64,111609.64,5.92882
1757378700000,111609.65,111609.65,111555.05,111555.05,15.90638
1757378760000,111555.05,111645.75,111459.87,111624.01,59.48649
1757378820000,111624.01,111752.31,111624.0,111738.63,26.08262
1757378880000,111738.63,111820.56,111738.62,111799.22,14.56392
1757378940000,111799.23,111820.37,111788.04,111788.04,8.84906
1757379000000,111788.04,111788.05,111759.77,111759.77,3.11258
1757379060000,111759.78,111759.78,111677.47,111677.47,3.88936
1757379120000,111677.48,111677.48,111630.3,111630.31,3.86016
1757379180000,111630.3,111630.31,111605.11,111605.11,12.98532
1757379240000,111605.11,111672.93,111605.11,111650.27,6.04443
1757379300000,111650.28,111664.12,111649.84,111664.11,2.43012
1757379360000,111664.12,111664.12,111651.18,111660.0,8.76714
1757379420000,111660.0,111660.0,111659.99,111659.99,1.06005
1757379480000,111660.0,111660.0,111650.02,111650.03,1.84938
1757379540000,111650.03,111650.03,111650.02,111650.03,1.51416
1757379600000,111650.03,111650.04,111650.02,111650.03,8.84847
1757379660000,111650.04,111689.29,111650.03,111677.29,11.95853
1757379720000,111677.3,111677.3,111630.86,111630.87,7.76709
1757379780000,111630.87,111630.87,111610.04,111610.05,7.56035
1757379840000,111610.05,111615.41,111567.41,111567.42,7.8553
1757379900000,111567.42,111651.69,111561.04,111651.69,14.21686
1757379960000,111651.68,111720.21,111643.37,111720.2,6.08015
1757380020000,111720.21,111748.54,111720.2,111730.45,7.62853
1757380080000,111730.45,111730.45,111700.2,111700.21,3.35286
1757380140000,111700.21,111700.21,111684.69,111684.7,3.48322
1757380200000,111684.7,111684.7,111646.34,111646.35,5.02185
1757380260000,111646.34,111646.35,111588.69,111588.69,12.86904
1757380320000,111588.69,111600.01,111588.69,111600.0,13.59516
1757380380000,111600.01,111618.58,111600.0,111608.48,4.84401
1757380440000,111608.47,111608.48,111565.7,111565.7,3.3212
1757380500000,111565.7,111565.71,111503.46,111503.46,10.08424
1757380560000,111503.47,111503.47,111503.46,111503.47,2.08989
1757380620000,111503.47,111503.47,111466.55,111466.55,5.62323
1757380680000,111466.55,111466.56,111433.33,111433.35,13.21461
1757380740000,111433.35,111445.72,111402.66,111445.72,12.40152
1757380800000,111445.71,111473.05,111411.06,111411.07,8.13555
1757380860000,111411.06,111457.35,111389.48,111457.34,10.35102
1757380920000,111457.34,111457.35,111431.22,111457.34,4.78918
1757380980000,111457.35,111503.47,111457.35,111485.08,5.22239
1757381040000,111485.09,111485.09,111434.49,111434.5,2.04917
1757381100000,111434.49,111434.5,111398.34,111420.0,8.27164
1757381160000,111420.01,111420.01,111283.18,111316.25,38.30653
1757381220000,111316.24,111372.17,111280.0,111340.98,16.56459
1757381280000,111340.98,111404.0,111258.3,111404.0,19.82254
1757381340000,111404.0,111404.0,111361.66,111377.97,6.56618
1757381400000,111377.97,111377.97,111311.11,111332.04,9.19506
1757381460000,111332.05,111355.21,111308.49,111345.06,7.57421
1757381520000,111345.07,111345.07,111295.54,111343.62,7.83435
1757381580000,111343.62,111373.99,111308.74,111370.27,11.69405
1757381640000,111370.28,111394.21,111342.22,111349.66,9.84088
1757381700000,111349.65,111373.44,111349.65,111359.12,4.00897
1757381760000,111359.11,111389.84,111330.91,111330.92,14.98306
1757381820000,111330.92,111355.54,111315.12,111319.76,21.41232
1757381880000,111319.76,111331.17,111319.76,111322.43,7.30375
1757381940000,111322.43,111332.76,111300.01,111332.76,11.17761
1757382000000,111332.76,111357.58,111332.75,111352.08,5.21036
1757382060000,111352.09,111442.24,111352.08,111442.24,8.22416
1757382120000,111442.24,111442.25,111442.24,111442.24,7.41189
1757382180000,111442.24,111492.3,111442.24,111454.27,6.831
1757382240000,111454.27,111454.28,111454.27,111454.28,2.03551
1757382300000,111454.27,111454.28,111450.13,111450.14,2.53434
1757382360000,111450.13,111450.14,111426.02,111426.03,4.36653
1757382420000,111426.03,111426.03,111381.01,111381.01,6.66109
1757382480000,111381.01,111394.79,111359.77,111394.79,7.01745
1757382540000,111394.78,111394.79,111362.0,111362.01,10.18206
1757382600000,111362.01,111405.93,111359.66,111384.84,5.99073
1757382660000,111384.85,111480.0,111384.84,111479.99,18.4338
1757382720000,111480.0,111489.46,111467.18,111467.19,4.4464
1757382780000,111467.19,111480.5,111466.27,111480.5,4.35115
1757382840000,111480.5,111480.5,111448.05,111462.75,11.75368
1757382900000,111462.74,111462.75,111404.51,111404.52,4.90225
1757382960000,111404.52,111422.46,111404.48,111422.45,7.1695
1757383020000,111422.46,111422.46,111410.29,111410.3,4.35097
1757383080000,111410.29,111422.46,111400.17,111410.01,8.06008
1757383140000,111410.02,111410.02,111364.73,111364.73,3.66946
1757383200000,111364.73,111372.45,111352.48,111372.45,8.92742
1757383260000,111372.44,111372.45,111357.43,111357.44,5.31278
1757383320000,111357.44,111360.01,111349.49,111360.0,4.63757
1757383380000,111360.01,111394.82,111360.0,111381.77,5.07353
1757383440000,111381.76,111381.76,111318.83,111318.84,4.18074
1757383500000,111318.83,111318.84,111311.15,111311.16,6.17762
1757383560000,111311.16,111311.16,111250.15,111250.16,18.11349
1757383620000,111250.15,111250.16,111229.72,111229.72,9.398
1757383680000,111229.72,111229.73,111200.92,111207.79,21.64563
1757383740000,111207.79,111303.99,111207.79,111303.99,11.46239
1757383800000,111303.98,111318.84,111269.06,111291.31,6.96987
1757383860000,111291.32,111301.92,111268.79,111268.79,3.70995
1757383920000,111268.79,111329.87,111263.47,111329.87,9.27606
1757383980000,111329.87,111340.02,111303.76,111303.77,4.44919
1757384040000,111303.77,111303.77,111220.89,111220.9,10.24695
1757384100000,111220.9,111239.52,111220.89,111239.51,4.88782
1757384160000,111239.52,111275.91,111218.48,111218.48,4.95059
1757384220000,111218.48,111267.77,111218.48,111267.77,22.46459
1757384280000,111267.77,111318.84,111267.76,111318.83,8.61354
1757384340000,111318.84,111329.87,111318.83,111329.87,2.62988
1757384400000,111329.87,111329.87,111240.17,111240.18,5.09131
1757384460000,111240.17,111240.17,111205.0,111205.01,16.00193
1757384520000,111205.01,111205.01,111171.88,111177.01,9.02476
1757384580000,111177.01,111181.82,111111.0,111145.99,32.49561
1757384640000,111145.99,111205.81,111141.99,111203.31,9.72656
1757384700000,111203.31,111203.31,111133.2,111200.93,32.3702
1757384760000,111200.94,111218.49,111189.46,111212.11,34.05486
1757384820000,111212.12,111272.84,111207.57,111261.13,12.59572
1757384880000,111261.13,111318.84,111261.12,111292.17,6.18884
1757384940000,111292.18,111307.09,111286.24,111301.23,11.25401
1757385000000,111301.23,111301.23,111229.29,111264.72,9.28901
1757385060000,111265.91,111329.87,111254.0,111329.86,6.53873
1757385120000,111329.87,111362.63,111329.87,111343.75,4.98199
1757385180000,111342.96,111342.96,111306.08,111320.87,4.45258
1757385240000,111320.87,111338.43,111306.08,111327.4,4.64565
1757385300000,111327.4,111366.38,111322.03,111364.11,3.33459
1757385360000,111364.11,111405.93,111356.0,111399.92,7.36223
1757385420000,111399.93,111430.02,111399.92,111430.01,3.58405
1757385480000,111430.02,111430.02,111380.0,111380.01,6.11592
1757385540000,111380.01,111395.39,111341.83,111393.28,5.64575
1757385600000,111393.28,111395.35,111356.0,111395.35,10.69425
1757385660000,111395.35,111442.95,111394.71,111394.71,8.50267
1757385720000,111394.72,111410.49,111373.44,111401.6,5.55739
1757385780000,111401.59,111401.6,111367.01,111400.01,13.7686
1757385840000,111400.02,111427.58,111384.12,111384.13,8.75801
1757385900000,111384.13,111384.13,111354.22,111374.41,13.49892
1757385960000,111374.41,111374.41,111352.78,111352.79,3.35538
1757386020000,111352.78,111352.79,111280.02,111280.03,5.22632
1757386080000,111280.03,111302.55,111256.03,111302.55,12.82189
1757386140000,111302.54,111312.97,111288.0,111304.05,3.85062
1757386200000,111304.05,111304.05,111256.04,111302.29,4.99894
1757386260000,111302.3,111302.3,111229.73,111229.73,15.49001
1757386320000,111229.73,111260.0,111218.48,111259.99,6.05434
1757386380000,111260.0,111318.54,111259.99,111318.53,2.82552
1757386440000,111318.53,111318.54,111280.34,111290.27,3.97739
1757386500000,111290.28,111303.98,111243.98,111268.94,5.4687
1757386560000,111268.95,111311.69,111262.11,111311.69,1.58835
1757386620000,111311.69,111338.0,111311.68,111330.71,4.41049
1757386680000,111330.72,111341.85,111323.64,111330.73,4.9618
1757386740000,111330.72,111330.73,111330.71,111330.71,2.32895
1757386800000,111330.72,111330.72,111246.69,111248.58,6.53843
1757386860000,111248.59,111268.38,111234.16,111260.0,5.87756
1757386920000,111259.99,111340.0,111259.99,111340.0,11.10962
1757386980000,111340.0,111349.0,111336.03,111343.54,2.81484
1757387040000,111343.55,111361.68,111343.54,111361.67,2.17786
1757387100000,111361.68,111361.68,111304.95,111304.95,3.41786
1757387160000,111304.95,111304.95,111291.75,111295.46,5.18056
1757387220000,111295.46,111356.44,111295.45,111356.41,9.63788
1757387280000,111356.4,111391.18,111356.4,111391.18,2.28325
1757387340000,111391.18,111391.18,111368.14,111388.16,3.80437
1757387400000,111388.16,111428.0,111388.15,111428.0,4.78366
1757387460000,111427.99,111428.0,111427.99,111428.0,1.55857
1757387520000,111428.0,111450.0,111427.99,111450.0,6.5975
1757387580000,111449.99,111487.53,111449.99,111462.77,7.49799
1757387640000,111462.76,111462.77,111462.76,111462.76,2.95212
1757387700000,111462.76,111487.28,111409.32,111487.28,15.47505
1757387760000,111487.28,111519.52,111480.73,111487.27,33.25078
1757387820000,111487.27,111492.02,111462.85,111471.05,3.10388
1757387880000,111471.06,111495.76,111471.05,111487.01,2.66756
1757387940000,111487.0,111487.01,111461.51,111462.86,4.3748
1757388000000,111462.86,111462.86,111435.61,111435.62,4.08597
1757388060000,111435.61,111435.61,111417.85,111417.86,1.30483
1757388120000,111417.86,111417.86,111417.85,111417.86,0.91295
1757388180000,111417.85,111417.86,111416.93,111416.94,2.14739
1757388240000,111416.94,111463.73,111416.93,111463.72,5.26078
1757388300000,111463.72,111473.3,111449.09,111473.3,2.18648
1757388360000,111473.3,111544.64,111473.29,111507.73,12.01603
1757388420000,111507.73,111541.71,111502.95,111540.0,5.85991
1757388480000,111539.99,111548.56,111539.99,111548.55,1.98874
1757388540000,111548.55,111555.14,111548.55,111555.13,8.23766
1757388600000,111555.14,111555.2,111540.0,111540.01,5.30844
1757388660000,111540.02,111556.35,111540.01,111556.34,1.6859
1757388720000,111556.35,111556.35,111544.29,111544.29,1.03568
1757388780000,111544.29,111544.3,111533.14,111533.15,2.05825
1757388840000,111533.15,111533.15,111517.7,111517.71,0.88212
1757388900000,111517.7,111517.7,111502.95,111502.95,0.67834
1757388960000,111502.95,111502.96,111502.95,111502.95,3.14936
1757389020000,111502.96,111548.99,111483.44,111548.99,8.19452
1757389080000,111548.99,111561.02,111548.98,111561.02,0.95064
1757389140000,111561.01,111561.02,111561.01,111561.02,1.1584
1757389200000,111561.02,111605.85,111561.02,111593.84,23.62318
1757389260000,111593.84,111604.77,111593.84,111604.77,1.24252
1757389320000,111604.77,111646.51,111604.76,111632.0,8.82818
1757389380000,111632.0,111666.0,111619.86,111665.99,3.66668
1757389440000,111666.0,111666.0,111627.68,111627.69,4.12321
1757389500000,111627.69,111627.69,111602.32,111602.32,1.79833
1757389560000,111602.32,111641.6,111570.0,111641.59,15.77687
1757389620000,111641.59,111677.24,111641.59,111677.23,5.27216
1757389680000,111677.23,111718.79,111677.23,111718.78,4.89814
1757389740000,111718.78,111718.78,111683.4,111683.41,3.62353
1757389800000,111683.4,111683.4,111666.7,111666.7,5.63093
1757389860000,111666.71,111740.61,111666.7,111728.01,9.0516
1757389920000,111728.01,111728.01,111713.71,111713.72,0.86294
1757389980000,111713.72,111737.14,111713.71,111737.14,2.00623
1757390040000,111737.14,111737.14,111721.19,111721.2,3.83054
1757390100000,111721.19,111721.19,111699.43,111699.44,5.51248
1757390160000,111699.43,111699.44,111677.92,111682.63,1.47111
1757390220000,111682.64,111712.4,111682.63,111712.4,0.83186
1757390280000,111712.4,111712.4,111700.77,111707.16,1.57148
1757390340000,111707.16,111721.25,111707.15,111708.0,6.91787
1757390400000,111708.01,111708.01,111667.81,111677.15,5.92244
1757390460000,111677.16,111677.16,111672.48,111672.49,0.8162
1757390520000,111672.48,111672.49,111655.35,111667.55,6.72138
1757390580000,111667.55,111667.56,111667.55,111667.56,0.79316
1757390640000,111667.55,111667.56,111667.55,111667.56,0.33403
1757390700000,111667.55,111667.56,111630.3,111630.3,4.42759
1757390760000,111630.31,111630.31,111629.42,111630.29,3.20651
1757390820000,111630.29,111650.95,111630.29,111650.94,1.49251
1757390880000,111650.95,111669.1,111650.94,111669.09,1.00164
1757390940000,111669.09,111669.1,111633.65,111633.65,1.71214
1757391000000,111633.66,111687.5,111624.12,111687.49,6.86766
1757391060000,111687.5,111748.54,111687.49,111748.53,4.94223
1757391120000,111748.53,111769.53,111748.53,111748.53,12.55349
1757391180000,111748.54,111771.66,111748.54,111750.86,3.05162
1757391240000,111750.86,111750.87,111750.86,111750.87,0.88485
1757391300000,111750.87,111785.17,111750.86,111785.17,15.00596
1757391360000,111785.16,111810.23,111785.16,111810.23,5.94119
1757391420000,111810.23,111906.99,111810.23,111878.96,25.63896
1757391480000,111878.95,111878.95,111852.64,111852.66,2.81066
1757391540000,111852.66,111964.15,111852.65,111954.0,11.14203
1757391600000,111954.0,112110.99,111920.89,112081.29,57.80947
1757391660000,112081.29,112091.75,112017.79,112037.41,9.23323
1757391720000,112037.41,112037.41,111972.21,111972.22,6.67295
1757391780000,111972.22,111972.22,111930.73,111937.61,3.70511
1757391840000,111937.61,111937.61,111930.73,111930.73,3.91341
1757391900000,111930.73,111938.14,111925.82,111938.13,4.95364
1757391960000,111938.14,111938.14,111889.52,111900.65,7.52689
1757392020000,111900.64,111948.12,111889.53,111900.01,16.26292
1757392080000,111900.0,111955.47,111900.0,111926.74,7.12031
1757392140000,111926.73,111980.0,111926.73,111945.08,12.25345
1757392200000,111945.08,111975.86,111925.83,111975.85,7.63525
1757392260000,111975.85,112017.49,111975.85,111999.01,21.76019
1757392320000,111999.0,112004.85,111970.63,111970.63,6.97937
1757392380000,111970.63,112007.35,111970.63,112007.34,11.47724
1757392440000,112007.35,112007.35,111981.03,111981.04,8.25958
1757392500000,111981.03,112000.74,111981.03,111981.03,7.8969
1757392560000,111981.03,111981.03,111928.97,111941.34,4.34264
1757392620000,111941.34,111950.25,111941.33,111950.24,1.71834
1757392680000,111950.25,111950.25,111941.76,111946.47,3.99651
1757392740000,111946.46,111947.18,111923.97,111939.22,7.07022
1757392800000,111939.22,111939.22,111928.97,111930.84,3.19492
1757392860000,111930.84,111930.85,111913.52,111913.53,3.20844
1757392920000,111913.52,111928.92,111902.33,111928.91,7.12147
1757392980000,111928.92,111928.92,111928.91,111928.91,4.57119
1757393040000,111928.91,111928.92,111928.9,111928.9,3.71066
1757393100000,111928.9,111928.91,111912.0,111912.0,4.64577
1757393160000,111912.0,111934.83,111900.0,111934.82,4.54467
1757393220000,111934.82,111940.0,111934.82,111939.99,2.77503
1757393280000,111939.99,111940.0,111865.18,111865.19,11.50069
1757393340000,111865.19,111900.0,111865.18,111899.99,8.89858
1757393400000,111899.99,111900.0,111784.39,111804.0,38.98634
1757393460000,111804.0,111860.0,111784.36,111825.75,14.16179
1757393520000,111825.75,111886.86,111797.26,111886.86,22.71021
1757393580000,111886.85,112004.0,111886.85,111989.2,24.07563
1757393640000,111989.2,112047.11,111988.04,111988.04,15.39982
1757393700000,111988.04,112042.68,111943.41,112042.67,14.87839
1757393760000,112042.67,112080.0,112019.99,112080.0,12.26278
1757393820000,112079.99,112080.0,112006.26,112032.91,16.48455
1757393880000,112032.9,112062.97,112032.9,112038.94,4.33456
1757393940000,112038.93,112038.94,112024.01,112024.01,5.10483
1757394000000,112024.01,112030.0,112017.52,112017.52,9.25556
1757394060000,112017.52,112017.53,112017.52,112017.52,7.4175
1757394120000,112017.52,112036.55,112017.52,112036.26,5.76566
1757394180000,112036.26,112051.95,112036.25,112048.88,2.15487
1757394240000,112048.88,112055.84,112019.74,112019.75,3.77415
1757394300000,112019.75,112034.9,112019.74,112034.9,2.83554
1757394360000,112034.9,112043.4,112034.89,112043.39,3.62653
1757394420000,112043.4,112043.4,111981.8,111981.81,6.64979
1757394480000,111981.8,111981.81,111960.21,111965.07,6.11813
1757394540000,111965.07,111965.07,111956.41,111956.41,3.15042
1757394600000,111956.41,111956.42,111956.4,111956.4,4.75967
1757394660000,111956.4,111956.41,111928.0,111928.01,6.75072
1757394720000,111928.0,111928.0,111892.65,111892.65,4.278
1757394780000,111892.65,111892.66,111859.75,111859.75,3.72741
1757394840000,111859.76,111905.7,111859.75,111879.51,12.29186
1757394900000,111879.52,111913.85,111879.51,111882.85,3.92287
1757394960000,111882.86,111882.86,111861.61,111861.62,2.42083
1757395020000,111861.61,111929.59,111861.61,111929.58,4.83975
1757395080000,111929.58,111929.59,111901.06,111901.08,1.92161
1757395140000,111901.07,111920.0,111901.07,111919.99,1.75762
1757395200000,111920.0,111920.0,111919.99,111920.0,0.95402
1757395260000,111919.99,111931.19,111910.0,111910.01,3.63951
1757395320000,111910.0,111910.01,111890.81,111890.81,1.67344
1757395380000,111890.82,111890.82,111857.06,111877.57,4.17032
1757395440000,111877.58,111877.58,111852.02,111873.81,6.62922
1757395500000,111873.8,111873.81,111851.52,111869.99,3.50393
1757395560000,111869.99,111960.0,111853.85,111888.37,33.93245
1757395620000,111888.38,111907.33,111882.14,111907.33,2.6189
1757395680000,111907.32,111918.65,111907.32,111918.65,1.82778
1757395740000,111918.64,111955.72,111918.64,111955.71,1.89658
1757395800000,111955.72,111972.0,111955.71,111971.99,3.7954
1757395860000,111972.0,111972.05,111971.99,111972.04,3.41598
1757395920000,111972.03,111989.93,111972.03,111989.93,4.6046
1757395980000,111989.93,112015.0,111989.93,112014.99,2.11665
1757396040000,112015.0,112025.39,112014.99,112025.38,6.32012
1757396100000,112025.38,112030.88,112010.39,112010.39,9.00426
1757396160000,112010.39,112010.39,111980.78,111980.79,2.69742
1757396220000,111980.78,111980.79,111961.6,111961.61,3.23101
1757396280000,111961.6,111961.61,111961.19,111961.2,6.32204
1757396340000,111961.2,111982.12,111961.2,111979.88,2.93796
1757396400000,111979.88,111979.88,111949.62,111949.62,1.89528
1757396460000,111949.62,111949.63,111942.24,111947.47,3.91071
1757396520000,111947.48,111978.56,111947.47,111978.55,1.57051
1757396580000,111978.55,111978.84,111978.55,111978.83,1.87266
1757396640000,111978.84,111981.91,111978.83,111981.9,1.23546
1757396700000,111981.91,112002.92,111981.9,112002.92,1.95267
1757396760000,112002.91,112020.0,112000.61,112000.62,1.62111
1757396820000,112000.62,112000.62,112000.61,112000.61,1.68947
1757396880000,112000.62,112000.62,112000.61,112000.61,1.75157
1757396940000,112000.61,112002.92,112000.61,112002.91,1.39747
1757397000000,112002.92,112020.0,112002.91,112019.99,5.58773
1757397060000,112020.0,112030.0,112009.99,112009.99,3.48565
1757397120000,112010.0,112032.5,112009.99,112032.49,3.40896
1757397180000,112032.49,112065.46,112032.49,112064.32,3.93467
1757397240000,112064.33,112078.03,112064.33,112078.03,6.81543
1757397300000,112078.03,112100.0,112078.02,112100.0,2.24296
1757397360000,112099.99,112121.59,112099.99,112121.58,6.96477
1757397420000,112121.58,112248.84,112121.58,112228.32,37.64329
1757397480000,112228.32,112228.33,112208.72,112208.72,4.74498
1757397540000,112208.72,112208.72,112200.0,112200.0,2.27019
1757397600000,112200.01,112200.01,112151.16,112163.0,7.66041
1757397660000,112163.01,112217.65,112163.01,112217.64,2.89142
1757397720000,112217.64,112237.49,112217.64,112235.23,4.52563
1757397780000,112235.23,112300.0,112235.23,112300.0,9.55254
1757397840000,112299.99,112546.26,112299.99,112480.05,90.17811
1757397900000,112480.05,112534.2,112480.05,112513.93,9.97432
1757397960000,112513.94,112562.5,112513.93,112531.95,14.98862
1757398020000,112531.96,112631.74,112531.95,112631.74,20.60887
1757398080000,112631.75,112631.75,112580.0,112580.0,7.77107
1757398140000,112580.0,112619.5,112573.05,112573.05,10.51236
1757398200000,112573.05,112617.51,112570.86,112599.37,11.26976
1757398260000,112599.37,112599.38,112564.09,112564.09,5.60171
1757398320000,112564.5,112702.08,112531.0,112681.99,32.19968
1757398380000,112682.0,112723.11,112645.3,112711.18,37.657
1757398440000,112711.18,112770.99,112686.43,112686.44,17.96774
1757398500000,112686.43,112824.0,112686.43,112741.32,34.86358
1757398560000,112741.32,112769.39,112713.13,112728.03,19.48156
1757398620000,112728.03,112796.38,112709.61,112748.74,14.21435
1757398680000,112748.74,112748.75,112631.74,112647.98,13.51739
1757398740000,112647.98,112667.25,112608.34,112608.34,7.10617
1757398800000,112608.35,112608.35,112500.16,112500.16,13.0288
1757398860000,112500.16,112571.4,112500.16,112571.39,5.63915
1757398920000,112571.4,112631.75,112550.0,112613.45,13.29335
1757398980000,112613.45,112622.82,112613.45,112613.46,4.47981
1757399040000,112613.47,112613.47,112591.24,112599.99,7.16394
1757399100000,112599.99,112618.1,112599.99,112618.09,2.70788
1757399160000,112618.1,112618.1,112528.9,112544.88,21.26435
1757399220000,112544.88,112593.63,112544.88,112593.62,2.98247
1757399280000,112593.63,112618.1,112593.63,112618.09,5.35551
1757399340000,112618.09,112622.58,112618.09,112622.57,5.67369
1757399400000,112622.58,112686.45,112622.57,112686.45,13.08091
1757399460000,112686.44,112752.83,112686.44,112752.83,5.35182
1757399520000,112752.82,112752.83,112752.82,112752.83,3.96126
1757399580000,112752.82,112780.0,112752.82,112779.99,3.69349
1757399640000,112780.0,112824.0,112779.99,112779.99,27.94015
1757399700000,112779.99,112819.81,112771.99,112819.79,3.37386
1757399760000,112819.79,112890.0,112819.79,112856.08,17.84456
1757399820000,112856.08,112884.8,112782.45,112799.98,15.80462
1757399880000,112799.99,112866.51,112799.99,112866.5,3.91178
1757399940000,112866.51,112877.93,112814.38,112814.38,31.64966
1757400000000,112814.38,112880.4,112807.02,112878.31,13.19534
1757400060000,112878.32,112878.32,112878.31,112878.32,2.67516
1757400120000,112878.32,112878.32,112825.88,112833.99,11.8412
1757400180000,112833.99,112850.91,112803.32,112806.57,20.53795
1757400240000,112806.57,112845.79,112806.57,112825.71,19.59364
1757400300000,112825.7,112880.0,112813.25,112879.99,10.00843
1757400360000,112879.99,112962.45,112879.99,112950.0,24.27374
1757400420000,112950.0,113056.52,112932.71,113016.8,110.24749
1757400480000,113016.79,113068.3,113000.0,113000.65,17.86567
1757400540000,113000.66,113000.66,112880.0,112888.65,25.0949
1757400600000,112888.65,112956.69,112888.64,112956.69,19.88285
1757400660000,112956.68,113075.8,112956.68,113075.79,12.63042
1757400720000,113075.79,113150.81,113075.79,113134.57,30.56265
1757400780000,113134.57,113156.65,113096.04,113156.65,11.7242
1757400840000,113156.64,113156.65,113105.6,113115.99,14.49217
1757400900000,113116.0,113125.43,113106.0,113106.0,20.58028
1757400960000,113106.0,113106.01,112937.38,112986.29,62.98044
1757401020000,112986.3,113132.47,112986.29,113132.46,16.25385
1757401080000,113132.46,113132.47,113000.0,113057.86,23.50733
1757401140000,113057.86,113057.87,112997.69,113022.61,32.03045
1757401200000,113022.62,113085.95,112984.9,113085.94,26.06118
1757401260000,113085.95,113085.95,113035.49,113068.0,16.86924
1757401320000,113067.99,113090.74,113067.99,113073.94,9.56519
1757401380000,113073.94,113073.94,113021.87,113040.97,20.20173
1757401440000,113040.98,113073.94,113026.23,113053.66,11.94484
1757401500000,113053.67,113132.47,113053.66,113121.97,14.11454
1757401560000,113121.97,113163.64,113005.57,113005.57,30.25794
1757401620000,113005.58,113005.58,112966.82,112984.18,12.92163
1757401680000,112984.19,113050.36,112984.19,113050.35,15.81782
1757401740000,113050.36,113075.16,113034.45,113057.99,11.31001
1757401800000,113057.99,113125.04,113057.99,113125.03,100.04557
1757401860000,113125.03,113125.04,113050.09,113050.09,23.88944
1757401920000,113050.09,113050.09,112986.3,113000.96,30.4744
1757401980000,113000.97,113000.97,112968.75,112993.14,11.11949
1757402040000,112993.14,113001.91,112993.14,113001.91,2.75752
1757402100000,113001.9,113089.24,113001.9,113089.23,10.71969
1757402160000,113089.24,113111.0,113089.23,113111.0,5.47943
1757402220000,113110.99,113168.18,113110.99,113168.17,26.92871
1757402280000,113168.17,113225.38,113147.58,113147.58,43.8592
1757402340000,113147.58,113200.0,113121.66,113188.0,15.28582
1757402400000,113187.99,113188.0,113172.17,113172.18,11.6051
1757402460000,113172.18,113192.25,113172.17,113192.24,9.9043
1757402520000,113192.24,113192.25,113121.66,113121.66,7.77274
1757402580000,113121.66,113121.67,113090.69,113112.97,10.95135
1757402640000,113112.98,113112.98,113090.69,113111.18,4.04634
1757402700000,113111.18,113240.45,113111.17,113224.0,33.17514
1757402760000,113224.0,113250.0,113224.0,113224.0,9.41819
1757402820000,113224.0,113227.63,113202.27,113227.62,9.37268
1757402880000,113227.62,113227.63,113206.0,113221.07,7.39031
1757402940000,113221.07,113250.0,113221.07,113232.0,15.22306
1757403000000,113232.0,113249.98,113232.0,113249.98,10.21487
1757403060000,113249.97,113249.98,113206.91,113209.75,13.05713
1757403120000,113209.74,113209.75,113161.8,113161.8,15.74179
1757403180000,113161.81,113183.25,113161.8,113181.52,6.58867
1757403240000,113181.52,113181.53,113161.8,113161.8,7.03181
1757403300000,113161.8,113199.99,113161.79,113199.99,7.43142
1757403360000,113199.99,113293.29,113199.99,113247.99,49.31122
1757403420000,113247.98,113247.99,113200.41,113200.42,13.67187
1757403480000,113200.41,113200.42,113161.59,113161.59,5.79031
1757403540000,113161.59,113161.6,113072.06,113075.05,15.12777
1757403600000,113075.05,113085.4,113075.05,113085.4,3.723
1757403660000,113085.39,113085.4,113069.06,113069.06,6.26639
1757403720000,113069.06,113069.07,113033.65,113033.65,8.53307
1757403780000,113033.65,113033.65,112977.94,112977.94,18.23795
1757403840000,112977.94,112977.94,112905.81,112905.81,24.35198
1757403900000,112905.81,112941.48,112823.99,112826.81,19.83921
1757403960000,112826.82,112828.35,112753.61,112820.0,45.6244
1757404020000,112820.0,112856.45,112785.99,112850.01,10.84283
1757404080000,112850.0,112932.18,112834.56,112932.17,22.5365
1757404140000,112932.17,112984.0,112922.33,112980.0,12.01362
1757404200000,112979.03,113008.0,112957.22,112993.0,18.62083
1757404260000,112992.99,113007.99,112969.0,113007.98,15.12173
1757404320000,113007.98,113018.15,112987.41,112987.41,6.43538
1757404380000,112987.41,113008.0,112987.41,113007.99,6.68853
1757404440000,113007.99,113008.0,112988.3,113005.28,5.17172
1757404500000,113005.27,113063.44,112990.0,113021.38,22.19993
1757404560000,113021.38,113035.42,112984.8,112984.8,11.80001
1757404620000,112984.8,112984.81,112956.62,112956.63,6.34056
1757404680000,112956.62,113000.0,112951.97,112999.99,8.84553
1757404740000,112999.99,113000.0,112991.11,112991.11,3.10045
1757404800000,112991.11,113096.71,112991.11,113075.37,11.1008
